<?xml version="1.0" encoding="UTF-8" standalone="yes"?>
<addon id="repository.atlas" name="Atlas Repository" version="0.0.3" provider-name="NP - Bugatsinho - TechNEWSology">
	<extension point="xbmc.addon.repository" name="Atlas Repository">
		<dir>
			<info compressed="false">https://raw.githubusercontent.com/TechNEWSologyBuilder/atlas/main/addons.xml</info>
			<checksum>https://raw.githubusercontent.com/TechNEWSologyBuilder/atlas/main/addons.xml.md5</checksum>
			<datadir zip="true">https://raw.githubusercontent.com/TechNEWSologyBuilder/atlas/main/</datadir>
		</dir>
		<dir>
			<info compressed="false">https://raw.githubusercontent.com/Gujal00/smrzips/master/addons.xml</info>
			<checksum>https://raw.githubusercontent.com/Gujal00/smrzips/master/addons.xml.md5</checksum>
			<datadir zip="true">https://raw.githubusercontent.com/Gujal00/smrzips/master/zips/</datadir>
		</dir>
	</extension>
	<extension point="xbmc.addon.metadata">
		<summary>Atlas Repository</summary>
		<description>Atlas Repo</description>
		<platform>all</platform>
		<assets>
			<icon>icon.png</icon>
			<fanart>fanart.jpg</fanart>
		</assets>
	</extension>
</addon>
