<?xml version="1.0" encoding="UTF-8" standalone="yes"?>
<addon id="repository.atlas" name="Atlas Repository" version="0.0.1" provider-name="NP-Bugatsinho -(Modified by TechNEWSology)">
	<extension point="xbmc.addon.repository" name="Atlas Repository">
		<info compressed="false">https://github.com/TechNEWSologyBuilder/atlas/addons.xml</info>
		<checksum>https://github.com/TechNEWSologyBuilder/atlas/addons.xml.md5</checksum>
		<datadir zip="true">https://github.com/TechNEWSologyBuilder/atlas/</datadir>
	</extension>
	<extension point="xbmc.addon.metadata">
		<summary>Atlas Repository</summary>
		<description>Atlas Repo</description>
		<platform>all</platform>
		<assets>
			<icon>icon.png</icon>
			<fanart>fanart.jpg</fanart>
		</assets>
	</extension>
</addon>
