{
    "items": [
        {
            "link": "UC1Y2wf1sefOhOqUEGiesujQ", 
            "title": "[COLOR white]\u0395\u039b\u039b\u0391\u03a3 \u0395\u03b8\u03bd\u03b9\u03ba\u03ae \u039f\u03bc\u03ac\u03b4\u03b1 \u03a0\u03bf\u03b4\u03bf\u03c3\u03c6\u03b1\u03af\u03c1\u03bf\u03c5[/COLOR]", 
            "fanart": "https://encrypted-tbn0.gstatic.com/images?q=tbn:ANd9GcTAN0JXodEfMbfLe3YgvYusU3HkRg5J_KGnhqU3Px1MuGsYW1eQGVykLlOuk8lkbjqNaJg&usqp=CAU", 
            "type": "channel", 
            "icon": "https://encrypted-tbn0.gstatic.com/images?q=tbn:ANd9GcTAN0JXodEfMbfLe3YgvYusU3HkRg5J_KGnhqU3Px1MuGsYW1eQGVykLlOuk8lkbjqNaJg&usqp=CAU", 
            "summary": "channel"
        },
        {
            "link": "UCLf7YXb-0PWEeq59Z_q318A", 
            "title": "[COLOR white]\u039f\u039b\u03a5\u039c\u03a0\u0399\u0391\u039a\u039f\u03a3[/COLOR]", 
            "fanart": "https://yt3.ggpht.com/-tTmFALe33tk/AAAAAAAAAAI/AAAAAAAAAAA/tJagWYfd0OA/s288-c-k-no-mo-rj-c0xffffff/photo.jpg", 
            "type": "channel", 
            "icon": "https://yt3.ggpht.com/-tTmFALe33tk/AAAAAAAAAAI/AAAAAAAAAAA/tJagWYfd0OA/s288-c-k-no-mo-rj-c0xffffff/photo.jpg", 
            "summary": "channel"
        },
        {
            "link": "UCvDGYaeFq9sBdj0cGnZ_Uhg", 
            "title": "[COLOR white]\u03a0\u0391\u039d\u0391\u0398\u0397\u039d\u0391\u0399\u039a\u039f\u03a3[/COLOR]", 
            "fanart": "https://yt3.ggpht.com/-V8ftvCyHaVI/AAAAAAAAAAI/AAAAAAAAAAA/wLRzLFMql_Y/s288-c-k-no-mo-rj-c0xffffff/photo.jpg", 
            "type": "channel", 
            "icon": "https://yt3.ggpht.com/-V8ftvCyHaVI/AAAAAAAAAAI/AAAAAAAAAAA/wLRzLFMql_Y/s288-c-k-no-mo-rj-c0xffffff/photo.jpg", 
            "summary": "channel"
        },
        {
            "link": "UCj8J_i_XaTNV2a3zS1WHGSQ", 
            "title": "[COLOR white]\u03a0\u0391\u039d\u0399\u03a9\u039d\u0399\u039f\u03a3[/COLOR]", 
            "fanart": "https://yt3.ggpht.com/ytc/AKedOLTHdo9K7L9OSP3dhI41dJdt5CqrZlRdPtMf00Ov=s176-c-k-c0x00ffffff-no-rj", 
            "type": "channel", 
            "icon": "https://yt3.ggpht.com/ytc/AKedOLTHdo9K7L9OSP3dhI41dJdt5CqrZlRdPtMf00Ov=s176-c-k-c0x00ffffff-no-rj", 
            "summary": "channel"
        },
        {
            "link": "UCX8HprRO1BYnQ6Mu2nB9VsQ", 
            "title": "[COLOR white]\u0391\u0395\u039a[/COLOR]", 
            "fanart": "https://yt3.ggpht.com/-Ey5wzET4rvI/AAAAAAAAAAI/AAAAAAAAAAA/ZsS8d2uPvzM/s288-c-k-no-mo-rj-c0xffffff/photo.jpg", 
            "type": "channel", 
            "icon": "https://yt3.ggpht.com/-Ey5wzET4rvI/AAAAAAAAAAI/AAAAAAAAAAA/ZsS8d2uPvzM/s288-c-k-no-mo-rj-c0xffffff/photo.jpg", 
            "summary": "channel"
        },
        {
            "link": "UCy8t8HKIih3JQZygj4XTejA", 
            "title": "[COLOR white]\u0391\u03a1\u0397\u03a3[/COLOR]", 
            "fanart": "https://yt3.ggpht.com/ytc/AKedOLR9mvJ8iRGTudRtk0A_hniMZmqHczbpRWqeY3JfXg=s176-c-k-c0x00ffffff-no-rj", 
            "type": "channel", 
            "icon": "https://yt3.ggpht.com/ytc/AKedOLR9mvJ8iRGTudRtk0A_hniMZmqHczbpRWqeY3JfXg=s176-c-k-c0x00ffffff-no-rj", 
            "summary": "channel"
        },
        {
            "link": "UCInZnZ8JYwmIvs8gtNriwSQ", 
            "title": "[COLOR white]\u03a0\u0391\u039f\u039a[/COLOR]", 
            "fanart": "https://yt3.ggpht.com/-lXFr23svM94/AAAAAAAAAAI/AAAAAAAAAAA/3Yw3dk0Jxx0/s288-c-k-no-mo-rj-c0xffffff/photo.jpg", 
            "type": "channel", 
            "icon": "https://yt3.ggpht.com/-lXFr23svM94/AAAAAAAAAAI/AAAAAAAAAAA/3Yw3dk0Jxx0/s288-c-k-no-mo-rj-c0xffffff/photo.jpg", 
            "summary": "channel"
        },
        {
            "link": "UC-xFpFhB1fiAa3jZE51gBLA", 
            "title": "[COLOR white]\u0395\u039b\u039b\u0391\u03a3 \u0395\u03b8\u03bd\u03b9\u03ba\u03ae \u039f\u03bc\u03ac\u03b4\u03b1 \u039c\u03c0\u03ac\u03c3\u03ba\u03b5\u03c4[/COLOR]", 
            "fanart": "https://yt3.ggpht.com/-799Tw1dd-cs/AAAAAAAAAAI/AAAAAAAAAAA/_dL2fGGURXs/s288-c-k-no-mo-rj-c0xffffff/photo.jpg", 
            "type": "channel", 
            "icon": "https://yt3.ggpht.com/-799Tw1dd-cs/AAAAAAAAAAI/AAAAAAAAAAA/_dL2fGGURXs/s288-c-k-no-mo-rj-c0xffffff/photo.jpg", 
            "summary": "channel"
        },
        {
            "link": "UCbv8oofgvLZ1B24N6uJ9q6g", 
            "title": "[COLOR white]\u039f\u039b\u03a5\u039c\u03a0\u0399\u0391\u039a\u039f\u03a3 \u0392.\u039a.[/COLOR]", 
            "fanart": "https://yt3.ggpht.com/-V7fo2ryDyBU/AAAAAAAAAAI/AAAAAAAAAAA/qDqQZP4VvUU/s288-c-k-no-mo-rj-c0xffffff/photo.jpg", 
            "type": "channel", 
            "icon": "https://yt3.ggpht.com/-V7fo2ryDyBU/AAAAAAAAAAI/AAAAAAAAAAA/qDqQZP4VvUU/s288-c-k-no-mo-rj-c0xffffff/photo.jpg", 
            "summary": "channel"
        },
        {
            "link": "UCbGAOY8tnarNw6T0pHghleg", 
            "title": "[COLOR white]\u03a0\u0391\u039d\u0391\u0398\u0397\u039d\u0391\u0399\u039a\u039f\u03a3 \u0392.\u039a.[/COLOR]", 
            "fanart": "https://yt3.ggpht.com/-BzkVz6FT7rA/AAAAAAAAAAI/AAAAAAAAAAA/QtU7i6zGYks/s288-c-k-no-mo-rj-c0xffffff/photo.jpg", 
            "type": "channel", 
            "icon": "https://yt3.ggpht.com/-BzkVz6FT7rA/AAAAAAAAAAI/AAAAAAAAAAA/QtU7i6zGYks/s288-c-k-no-mo-rj-c0xffffff/photo.jpg", 
            "summary": "channel"
        },
        {
            "link": "UCwe1DxpeCbPf1DSgZxLHHpw", 
            "title": "[COLOR white]\u03a0\u0391\u039d\u0399\u03a9\u039d\u0399\u039f\u03a3 \u0392.\u039a.[/COLOR]", 
            "fanart": "https://yt3.ggpht.com/ytc/AKedOLT6iPDK65WtLKZZAm1RohD62t4NGkoD9bAGdeIi=s176-c-k-c0x00ffffff-no-rj", 
            "type": "channel", 
            "icon": "https://yt3.ggpht.com/ytc/AKedOLT6iPDK65WtLKZZAm1RohD62t4NGkoD9bAGdeIi=s176-c-k-c0x00ffffff-no-rj", 
            "summary": "channel"
        },
        {
            "link": "UC7pgxTKt5ER_5B6Eab-vffQ", 
            "title": "[COLOR white]\u0391\u0395\u039a \u0392.\u039a.[/COLOR]", 
            "fanart": "https://yt3.ggpht.com/-yWJPg-qy7MM/AAAAAAAAAAI/AAAAAAAAAAA/ssMffOZOkBI/s288-c-k-no-mo-rj-c0xffffff/photo.jpg", 
            "type": "channel", 
            "icon": "https://yt3.ggpht.com/-yWJPg-qy7MM/AAAAAAAAAAI/AAAAAAAAAAA/ssMffOZOkBI/s288-c-k-no-mo-rj-c0xffffff/photo.jpg", 
            "summary": "channel"
        },
        {
            "link": "UCdy6d1krgRXDpvfiJbQfKHQ", 
            "title": "[COLOR white]\u0391\u03a1\u0397\u03a3 \u0392.\u039a.[/COLOR]", 
            "fanart": "https://yt3.ggpht.com/-w_jx9FQLk7c/AAAAAAAAAAI/AAAAAAAAAAA/SzDZsp-sqjU/s288-c-k-no-mo-rj-c0xffffff/photo.jpg", 
            "type": "channel", 
            "icon": "https://yt3.ggpht.com/-w_jx9FQLk7c/AAAAAAAAAAI/AAAAAAAAAAA/SzDZsp-sqjU/s288-c-k-no-mo-rj-c0xffffff/photo.jpg", 
            "summary": "channel"
        },
        {
            "link": "UCHobbDB62x0CeGtEny0KB5Q", 
            "title": "[COLOR white]\u03a0\u0391\u039f\u039a \u0392.\u039a.[/COLOR]", 
            "fanart": "https://yt3.ggpht.com/-KVtk-V-St9w/AAAAAAAAAAI/AAAAAAAAAAA/qo8dHNtkyY8/s288-c-k-no-mo-rj-c0xffffff/photo.jpg", 
            "type": "channel", 
            "icon": "https://yt3.ggpht.com/-KVtk-V-St9w/AAAAAAAAAAI/AAAAAAAAAAA/qo8dHNtkyY8/s288-c-k-no-mo-rj-c0xffffff/photo.jpg", 
            "summary": "channel"
        }
    ]
}