{
    "items": [
        {
            "link": "https://www.youtube.com/playlist?list=PL0yZadJ-mPnjmHqzJLMfRRhJ5dxeEfG1o", 
            "title": "[COLOR white]\u03a0\u03b1\u03bb\u03b9\u03ad\u03c2 \u0395\u03bb\u03bb\u03b7\u03bd\u03b9\u03ba\u03ad\u03c2 \u03a4\u03b1\u03b9\u03bd\u03af\u03b5\u03c2[/COLOR]", 
            "fanart": "https://www.lifemagazine.gr/wp-content/uploads/2018/03/lifemagazinegr-palies-ellinikes-tainies-oi-kaluters-10.jpg", 
            "type": "dir", 
            "icon": "https://upload.wikimedia.org/wikipedia/el/thumb/5/58/Finos_Film_logo.svg/1224px-Finos_Film_logo.svg.png", 
            "summary": "playlists"
        },
        {
            "link": "https://www.youtube.com/playlist?list=PLNd6Y-A5KwCDZGGFFqN3RTDl2cqG1H3nO", 
            "title": "[COLOR white]\u03a0\u03b1\u03bb\u03b9\u03ad\u03c2 \u0395\u03bb\u03bb\u03b7\u03bd\u03b9\u03ba\u03ad\u03c2 \u03a4\u03b1\u03b9\u03bd\u03af\u03b5\u03c2 (\u03ba\u03c9\u03bc\u03c9\u03b4\u03af\u03b5\u03c2)[/COLOR]", 
            "fanart": "https://i.ytimg.com/vi/FVL8NMztnko/hqdefault.jpg", 
            "type": "dir", 
            "icon": "https://i.ytimg.com/vi/FVL8NMztnko/hqdefault.jpg", 
            "summary": "playlists"
        },
        {
            "link": "https://www.youtube.com/playlist?list=PLj-Qpp3vLqCOJOSLWVoZdJaBdPlkOeGGq", 
            "title": "[COLOR white]\u0395\u03bb\u03bb\u03b7\u03bd\u03b9\u03ba\u03ad\u03c2 \u03a4\u03b1\u03b9\u03bd\u03af\u03b5\u03c2 '80s-'90s[/COLOR]", 
            "fanart": "https://1.bp.blogspot.com/-Bnn5Wy_srPo/WTp8e_blMiI/AAAAAAAAPRQ/IthFtS2I4zc-awK_tDI0wjU8CtsA_bZ1ACLcB/s1600/video.jpg", 
            "type": "dir", 
            "icon": "https://i.ytimg.com/vi/my9fB20yC7U/hqdefault.jpg", 
            "summary": "playlists"
        },
        {
            "link": "https://www.youtube.com/playlist?list=PL0yZadJ-mPnitv6ZsVcsGPaIir1SurhIf", 
            "title": "[COLOR white]\u039d\u03ad\u03bf\u03c2 \u03b5\u03bb\u03bb\u03b7\u03bd\u03b9\u03ba\u03cc\u03c2 \u03ba\u03b9\u03bd\u03b7\u03bc\u03b1\u03c4\u03bf\u03b3\u03c1\u03ac\u03c6\u03bf\u03c2[/COLOR]", 
            "fanart": "https://cityportal.gr/wp-content/uploads/2019/12/10_agapimenes_ellinikes_tainies.jpg", 
            "type": "dir", 
            "icon": "https://www.public.gr/MEDIA/xplace/images/997948716f9c3ae3495c0867efa5adb89b0de6d12270490e3975171fad2a0688a45adbc9d17ecd22c7ee8eaf2be51018.jpg", 
            "summary": "playlists"
        },
        {
            "link": "https://www.youtube.com/playlist?list=PLmxgV2aFlHVuK9W-zivAvJLTPOledQw_q", 
            "title": "[COLOR white]\u0395\u03bb\u03bb\u03b7\u03bd\u03b9\u03ba\u03ad\u03c2 \u03a4\u03b1\u03b9\u03bd\u03af\u03b5\u03c2 - \u039a\u03c9\u03bc\u03c9\u03b4\u03af\u03b1 1955-2025[/COLOR]", 
            "fanart": "https://i.ytimg.com/vi/GsSGWmd_yAo/hqdefault.jpg", 
            "type": "dir", 
            "icon": "https://i.ytimg.com/vi/GsSGWmd_yAo/hqdefault.jpg", 
            "summary": "playlists"
        },
        {
            "link": "https://www.youtube.com/playlist?list=PLgNdeYdZXXhWTnJi7u2b_0Dkqd_HaGdfE", 
            "title": "[COLOR white]\u03a3\u03cd\u03b3\u03c7\u03c1\u03bf\u03bd\u03b5\u03c2 \u03b5\u03bb\u03bb\u03b7\u03bd\u03b9\u03ba\u03ad\u03c2 \u03c4\u03b1\u03b9\u03bd\u03af\u03b5\u03c2 1980-2020[/COLOR]", 
            "fanart": "https://i.ytimg.com/vi/dOXizdnF-58/hqdefault.jpg", 
            "type": "dir", 
            "icon": "https://i.ytimg.com/vi/buobwURJ33E/hqdefault.jpg", 
            "summary": "playlists"
        }
    ]
}